{"listing_id": "506306", "reviewer_id": "10243523", "text": "Appartement sympathique et tr\u00e8s bien situ\u00e9 m\u00eame si, malheureusement, la propret\u00e9 n'\u00e9tait pas au rendez-vous. Il faut \u00e9galement se m\u00e9fier des r\u00e9actions du chien qui sont parfois impr\u00e9visibles. Nous remercions Paul pour ces quelques conseils malgr\u00e9 le fait que nous ayons tr\u00e8s peu \u00e9chang\u00e9 avec lui.", "reviewer_name": "Mathilde", "listing_longitude": "-73.98937115554887", "host_name": "Paul", "listing_name": "Spacious room in cozy Boerum Hill", "date": "2015-11-08", "host_id": "2495797", "id": "53354557", "listing_latitude": "40.686986552490545"}