{"listing_id": "2977232", "reviewer_id": "9176033", "text": "Alesandra is a very warm and welcoming host. She is flexible and easy to communicate with. Her place is clean and comfortable and conveniently located close to subway. It was a true pleasure to stay at her apartment and I wholeheartedly recommend it to all fellow travelers. Thanks, Alesandra! ", "reviewer_name": "Vadim", "listing_longitude": "-73.94482017016313", "host_name": "Alesandra", "listing_name": "Low Winter Price by Central Park!", "date": "2015-07-21", "host_id": "15185319", "id": "39238136", "listing_latitude": "40.79285153420157"}