{"listing_id": "506306", "reviewer_id": "2127702", "text": "Paul's place is great! Everything is exactly as pictured/described and in an awesome location. Paul is super sweet and has great recommendations for places to go nearby. I was incredibly comfortable there and would definitely stay again. ", "reviewer_name": "Cory", "listing_longitude": "-73.98937115554887", "host_name": "Paul", "listing_name": "Spacious room in cozy Boerum Hill", "date": "2015-06-22", "host_id": "2495797", "id": "35846020", "listing_latitude": "40.686986552490545"}