{"listing_id": "110762", "reviewer_id": "3583985", "text": "I had a great stay for two nights at Maegan's. The place is very central, can't beat the location.  Maegan was very hospitable, accommodating and kept in good communication with me. Highly recommend this place, I will def be back on my next visit! Thanks M!", "reviewer_name": "Soraya", "listing_longitude": "-73.97605674795899", "host_name": "Maegan", "listing_name": "UWS apt close to Central Park!", "date": "2013-09-21", "host_id": "568645", "id": "7475446", "listing_latitude": "40.78240559601185"}