{"listing_id": "5488307", "reviewer_id": "27529413", "text": "Iris est tr\u00e8s gentille et accueillante ! L appartement est fonctionel et assez spacieux ! Le quartier ne semble pas tr\u00e8s sur toutefois nous ne nous sommes jamais fait emb\u00eater ! M\u00eame si nous ne rentrions donc pas la nuit! L appartement est proche de deux stations de metro qui desservent des lignes principales! Toutefois le gros point n\u00e9gatif est l insonorisation ! L appartement \u00e9tant au sous sol, sans fen\u00eatre,  nous entendons tout ce qui se passe \u00e0 l \u00e9tage et avons ainsi eu du mal \u00e0 nous reposer !!", "reviewer_name": "Ang\u00e9lique", "listing_longitude": "-73.89827839130733", "host_name": "Iris", "listing_name": "30 min to Downtown NYC  by train!", "date": "2015-09-21", "host_id": "28459231", "id": "47616274", "listing_latitude": "40.66396208242492"}