{"listing_id": "951944", "reviewer_id": "127819", "text": "Dom's place was fantastic! The studio is quite large for Manhattan and was wonderfully equipped for our stay. Checkin and checkout were both completely seamless, and Dom was very available throughout our entire stay and had a handful of wonderful recommendations in the neighborhood. Thanks again!\n", "reviewer_name": "Andrew", "listing_longitude": "-74.00306669619759", "host_name": "Dom", "listing_name": "Quiet Studio in Prime SoHo", "date": "2014-04-07", "host_id": "1408973", "id": "11570434", "listing_latitude": "40.72492733670143"}